metric,value
accuracy,0.72
precision,0.7611965811965811
recall,0.72
f1,0.7140714285714286
