accuracy,precision_macro,recall_macro,f1_macro,precision_weighted,recall_weighted,f1_weighted,precision_negative,recall_negative,f1_negative,precision_neutral,recall_neutral,f1_neutral,precision_positive,recall_positive,f1_positive
0.54,0.5761904761904761,0.564935064935065,0.5308037535699714,0.5870476190476189,0.54,0.5229212566299469,0.6666666666666666,0.35714285714285715,0.46511627906976744,0.0,0.0,0.0,0.4857142857142857,0.7727272727272727,0.5964912280701754
